commit,commit_date_utc,on_github_no_later_than_utc,push_head,changes_PREDICTIONS_IPM.md,registration,subject (commits that change the record)
31438d26f7d6,2026-09-28T03:54:45Z,2026-09-28T04:51:20Z,70b74eae2f2e,,,
70b74eae2f2e,2026-09-28T04:51:17Z,2026-09-28T04:51:20Z,70b74eae2f2e,,,
28647f98f8b5,2026-09-28T05:17:56Z,2026-09-28T05:18:00Z,28647f98f8b5,,,
2ace01e932ed,2026-09-28T05:32:42Z,2026-09-28T05:32:45Z,2ace01e932ed,,,
1ebe22bd886b,2026-09-28T05:46:33Z,2026-09-28T05:46:36Z,1ebe22bd886b,,,
0a6e480622e8,2026-09-28T05:47:43Z,2026-09-28T05:47:46Z,0a6e480622e8,,,
4cf193246047,2026-09-28T05:47:53Z,2026-09-28T05:47:56Z,4cf193246047,,,
5505b6e3d4e9,2026-09-28T05:53:06Z,2026-09-28T05:53:09Z,5505b6e3d4e9,,,
d63a3ec87182,2026-09-28T05:53:16Z,2026-09-28T05:53:19Z,d63a3ec87182,,,
15be818d35c0,2026-09-28T06:04:49Z,2026-09-28T06:04:52Z,15be818d35c0,,,
9f874026224c,2026-09-28T06:05:44Z,2026-09-28T06:05:47Z,9f874026224c,,,
2a9dee07c0d1,2026-09-28T06:07:02Z,2026-09-28T06:07:05Z,2a9dee07c0d1,,,
b8077ebcbf5b,2026-09-28T06:08:20Z,2026-09-28T06:08:22Z,b8077ebcbf5b,,,
5cbec294c004,2026-09-28T06:11:49Z,2026-09-28T06:11:52Z,5cbec294c004,,,
dbc8a1c0c9e3,2026-09-28T06:19:59Z,2026-09-28T06:20:01Z,dbc8a1c0c9e3,,,
dc38e810738c,2026-09-28T06:21:39Z,2026-09-28T06:21:42Z,dc38e810738c,,,
34833341294a,2026-09-28T06:22:24Z,2026-09-28T06:22:26Z,34833341294a,,,
920c177885b5,2026-09-28T06:23:17Z,2026-09-28T06:23:20Z,920c177885b5,,,
aed0bb39fe98,2026-09-28T06:24:22Z,2026-09-28T06:24:25Z,aed0bb39fe98,,,
686e2c1cbc58,2026-09-28T06:25:49Z,2026-09-28T06:25:51Z,686e2c1cbc58,,,
cb74cfb81795,2026-09-28T06:26:32Z,2026-09-28T06:26:35Z,cb74cfb81795,,,
e011b0eed967,2026-09-28T06:29:57Z,2026-09-28T06:30:00Z,e011b0eed967,,,
69f7749bbfd6,2026-09-28T06:31:05Z,2026-09-28T06:31:08Z,69f7749bbfd6,,,
87ae3f96ec04,2026-09-28T06:57:41Z,2026-09-28T06:57:44Z,87ae3f96ec04,,,
a667e6220217,2026-09-28T07:10:09Z,2026-09-28T07:10:12Z,a667e6220217,,,
4b9a975b803b,2026-09-28T07:32:44Z,2026-09-28T07:32:46Z,4b9a975b803b,,,
1fbd49898116,2026-09-28T07:32:55Z,2026-09-28T07:32:58Z,1fbd49898116,,,
253f55b6c849,2026-09-28T07:33:05Z,2026-09-28T07:33:07Z,253f55b6c849,,,
85d832ee8355,2026-09-28T07:40:29Z,2026-09-28T07:40:31Z,85d832ee8355,,,
7fb7a9e1b5f1,2026-09-28T07:43:17Z,2026-09-28T07:43:19Z,7fb7a9e1b5f1,,,
5aca7955ddf2,2026-09-28T07:46:53Z,2026-09-28T07:46:56Z,5aca7955ddf2,,,
18f616616aec,2026-09-28T07:48:36Z,2026-09-28T07:48:39Z,18f616616aec,,,
94b318d4f8a7,2026-09-28T07:50:52Z,2026-09-28T07:50:55Z,94b318d4f8a7,,,
a0dbcfee8f02,2026-09-28T07:51:17Z,2026-09-28T07:51:19Z,a0dbcfee8f02,,,
eceaea72588d,2026-09-28T07:52:46Z,2026-09-28T07:52:48Z,eceaea72588d,,,
5e27f9e2f626,2026-09-28T07:55:31Z,2026-09-28T07:55:33Z,5e27f9e2f626,,,
3a8b787e916b,2026-09-28T07:56:33Z,2026-09-28T07:56:35Z,3a8b787e916b,,,
ad0bd9c3d514,2026-09-28T07:56:50Z,2026-09-28T07:56:52Z,ad0bd9c3d514,,,
2175d25e64fa,2026-09-28T07:57:46Z,2026-09-28T07:57:48Z,2175d25e64fa,,,
406f1fb86e81,2026-09-28T08:17:51Z,2026-09-28T08:17:54Z,406f1fb86e81,,,
b6760b18422f,2026-09-28T08:18:01Z,2026-09-28T08:18:04Z,b6760b18422f,,,
749bbc518914,2026-09-28T17:41:19Z,2026-09-28T17:41:22Z,749bbc518914,,,
7fe8eab38921,2026-09-28T18:00:15Z,2026-09-28T18:00:19Z,7fe8eab38921,,,
2e13c9ae19a3,2026-09-28T18:19:03Z,2026-09-28T18:19:05Z,2e13c9ae19a3,,,
bba85aa9819d,2026-09-28T18:40:55Z,2026-09-28T18:41:01Z,bba85aa9819d,,,
f88c7b33ba07,2026-09-28T18:53:47Z,2026-09-28T18:53:51Z,f88c7b33ba07,,,
19bd524d0426,2026-09-28T19:19:26Z,2026-09-28T19:19:31Z,19bd524d0426,,,
be8a2ea94ee3,2026-09-28T19:21:06Z,2026-09-28T19:21:09Z,be8a2ea94ee3,,,
67a6a0f21979,2026-09-28T19:29:04Z,2026-09-28T19:29:08Z,67a6a0f21979,,,
fccf1d208d0d,2026-09-28T19:33:58Z,2026-09-28T19:34:02Z,fccf1d208d0d,,,
df49c9bfebca,2026-09-28T19:35:11Z,2026-09-28T19:35:14Z,df49c9bfebca,,,
39e681318786,2026-09-28T19:36:06Z,2026-09-28T19:36:09Z,39e681318786,,,
cf6310f26ac1,2026-09-28T19:37:06Z,2026-09-28T19:37:10Z,cf6310f26ac1,,,
be3349df3357,2026-09-28T19:45:24Z,2026-09-28T19:45:28Z,be3349df3357,,,
546b85b3f68b,2026-09-28T20:02:13Z,2026-09-28T20:02:18Z,546b85b3f68b,,,
0007b95dfa8b,2026-09-28T20:02:31Z,2026-09-28T20:02:34Z,0007b95dfa8b,,,
f04999cc8ca6,2026-09-28T20:02:40Z,2026-09-28T20:02:42Z,f04999cc8ca6,,,
c2e75ad35971,2026-09-29T01:55:43Z,2026-09-29T01:55:46Z,c2e75ad35971,,,
b6c521c631f4,2026-09-29T02:20:35Z,2026-09-29T02:20:39Z,b6c521c631f4,,,
ec2668394937,2026-09-29T02:57:00Z,2026-09-29T02:57:04Z,ec2668394937,,,
82e16826187c,2026-09-29T03:02:22Z,2026-09-29T03:02:25Z,82e16826187c,,,
a183012f6fcc,2026-09-29T03:04:05Z,2026-09-29T03:04:08Z,a183012f6fcc,,,
514ee2b23735,2026-09-29T03:16:07Z,2026-09-29T03:16:11Z,514ee2b23735,,,
efb6480bde9d,2026-09-29T03:19:04Z,2026-09-29T03:19:07Z,efb6480bde9d,,,
e39fadce2b67,2026-09-29T03:19:41Z,2026-09-29T03:19:45Z,e39fadce2b67,,,
af62f8aecfd5,2026-09-29T03:23:41Z,2026-09-29T03:23:44Z,af62f8aecfd5,,,
935ba951176c,2026-09-29T03:24:37Z,2026-09-29T03:24:40Z,935ba951176c,,,
2c1eddef0f00,2026-09-29T03:54:38Z,2026-09-29T03:54:41Z,2c1eddef0f00,,,
5af6ceefa21e,2026-09-29T03:54:54Z,2026-09-29T03:54:57Z,5af6ceefa21e,,,
cacc886e7b9b,2026-09-29T04:02:56Z,2026-09-29T04:02:59Z,cacc886e7b9b,,,
23ff96c68f7d,2026-09-29T04:07:07Z,2026-09-29T04:07:11Z,23ff96c68f7d,,,
63a215d7850d,2026-09-29T04:31:17Z,2026-09-29T04:31:20Z,63a215d7850d,,,
5f1a8512cf94,2026-09-29T19:25:08Z,2026-09-29T19:25:12Z,5f1a8512cf94,,,
cf69e9f828f9,2026-09-29T19:30:17Z,2026-09-29T19:30:20Z,cf69e9f828f9,,,
4d56eef397ec,2026-09-29T19:31:13Z,2026-09-29T19:31:16Z,4d56eef397ec,,,
5588721cbfaf,2026-09-29T20:14:45Z,2026-09-29T20:14:49Z,5588721cbfaf,,,
150d957911f2,2026-09-29T20:24:41Z,2026-09-29T20:24:44Z,150d957911f2,,,
0cc628a9574b,2026-09-29T21:08:05Z,2026-09-29T21:08:09Z,0cc628a9574b,,,
c73279b7fc30,2026-09-29T21:38:45Z,2026-09-29T21:38:48Z,c73279b7fc30,,,
7c2ba2db6225,2026-09-29T23:12:07Z,2026-09-29T23:12:11Z,7c2ba2db6225,,,
af049c9df004,2026-09-29T23:44:21Z,2026-09-29T23:44:24Z,af049c9df004,,,
4dc82af853c2,2026-09-30T01:01:53Z,2026-09-30T01:01:56Z,4dc82af853c2,yes,stage 1 registration,P03: blind IPM predictions (P1-P6) fixed before any IPM continuation; IPM solver; HL lambda->1 limit family
34464d0084a4,2026-09-30T01:20:33Z,2026-09-30T01:20:36Z,34464d0084a4,,,
f5a6717dd2df,2026-09-30T04:06:33Z,2026-09-30T04:06:37Z,f5a6717dd2df,,,
b9486fb5cad6,2026-09-30T04:45:02Z,2026-09-30T04:45:05Z,b9486fb5cad6,yes,,"P03: IPM stage-2a blind predictions (lambda_3, U_3 spectrum, spectral flow between U_1 and U_2) fixed before computing them"
03e5cbb302f1,2026-09-30T05:14:44Z,2026-09-30T05:14:49Z,03e5cbb302f1,yes,,P03: IPM lambda_3 = 0.2415661 (stage-2a prediction 0.2383: 6% of a spacing); P2 monotonicity falsified for IPM; stage-2b lambda_4 prediction 0.19783 fixed
4bb5a6f11d40,2026-09-30T05:57:37Z,2026-09-30T05:57:41Z,4bb5a6f11d40,yes,,"P03: IPM stage-2a outcomes (U_3 index 3, lowest member within 0.2%, spectral flow within 0.001) and stage-2b U_4 predictions fixed before lambda_4"
37ce8dea774e,2026-09-30T06:19:42Z,2026-09-30T06:19:48Z,37ce8dea774e,yes,,P03: IPM lambda_4 = 0.19873 (stage-2b prediction 0.19783: 2.5% of a spacing); stage-2c lambda_5 prediction 0.17010 fixed before the branch reaches it
49cfdd8ea174,2026-09-30T12:12:28Z,2026-09-30T12:12:33Z,49cfdd8ea174,,,
90d408e944f4,2026-09-30T12:21:27Z,2026-09-30T12:21:31Z,90d408e944f4,,,
5befa84a60f3,2026-09-30T12:22:15Z,2026-09-30T12:22:18Z,5befa84a60f3,yes,,P03: IPM - record geometric contraction of the rung spacing (ratio 0.92) and the closing stalled-layer dip before continuing the branch; P1 at risk
b69afd746b04,2026-09-30T12:23:22Z,2026-09-30T12:23:25Z,b69afd746b04,yes,,P03: IPM stage 2d': rungs linear in 1/(lambda - 0.0379) (spacing constant to 0.2%); lambda_6..8 predictions before computation
d6a4984493c1,2026-09-30T12:37:00Z,2026-09-30T12:37:04Z,d6a4984493c1,yes,,"P03: IPM lambda_6 = 0.1517666 at h_s = 0.025 (3-5% of a spacing from predictions); deep-branch m jitter at the 1e-7 level - fine-grid checks of lambda_5, lambda_6 running"
a8b08232db03,2026-09-30T12:38:49Z,2026-09-30T12:38:52Z,a8b08232db03,,,
a8345c35da04,2026-09-30T12:59:16Z,2026-09-30T12:59:20Z,a8345c35da04,yes,,"P03: IPM stage-2b outcome - U_4 spectrum predicted to 0.2-1.2% (index 4, lattice of step lambda_4); lambda_5 fine-grid check (1% of a spacing)"
3965636f47e6,2026-09-30T13:10:00Z,2026-09-30T13:11:48Z,f264ec49ee41,yes,,P03: IPM lambda_6 = 0.15092 on the fine grid (stage-2d prediction 0.150928); ladder linear in 1/(lambda - 0.037) to 0.3% over six intervals; P1-P6 scorecard
f264ec49ee41,2026-09-30T13:11:45Z,2026-09-30T13:11:48Z,f264ec49ee41,,,
8d726e291a61,2026-09-30T15:45:44Z,2026-09-30T15:50:09Z,529ce0acff88,yes,,P03: IPM U_4 argument-principle count 4.902 -> trivial + 4 (index 4 confirmed); fine-grid rung states and branch/flow data for the figures
529ce0acff88,2026-09-30T15:50:06Z,2026-09-30T15:50:09Z,529ce0acff88,,,
02a2513d9976,2026-09-30T15:58:23Z,2026-09-30T15:58:26Z,02a2513d9976,yes,,P03: IPM U_0 argument-principle count 0.994 -> trivial mode only (index 0); contour counts now cover IPM n = 0-4; README lists the exact contour invocations
c92275113202,2026-09-30T16:49:56Z,2026-09-30T17:13:53Z,273ae28f6f26,yes,stage 3 registration (H1-H3),"P03 IPM stage 3 (registered before lambda_7, lambda_8 are computed): fine-grid ladder lambda_0-6, successive-subset lambda_c = 0.037 +- 0.003, holdout predictions H1-H3; direct WKB phase quantizes the IPM rungs (Re Phi increments 3.08-3.13 vs pi); endpoint test via the phase coefficient on the deep branch"
273ae28f6f26,2026-09-30T17:13:50Z,2026-09-30T17:13:53Z,273ae28f6f26,yes,stage 3 registration (H4),"P03 IPM stage 3 H4 (registered before the fine-grid lambda_7 run): phase-based lambda_7 = 0.13601, lambda_8 ~ 0.1263 (low confidence); delta_n = Re Phi - n pi = 2.038 +- 0.02 for n = 1-6 at cut-off 2; coarse deep branch to z = 8.1 (front under-resolved beyond z = 7.6)"
eb266ff22f93,2026-09-30T18:48:44Z,2026-09-30T18:48:47Z,eb266ff22f93,yes,,"P03 IPM stage 3: systematics of the deep rungs (Newton floor vs origin cut-off, Nb, s_max, h_s; lambda_6 = 0.15092 +- 0.00005), free-exponent fits prefer the shifted linear law (gamma = 0.91-1.01), direct phase with continuous cut-off (delta_n constant to +-0.007 for n = 1-5), exact scaling kappa = K/D-hat of the IPM local problem (Phi = int K/D ds)"
2c6f6c040609,2026-09-30T20:42:40Z,2026-10-01T16:00:19Z,1951f51bbc52,,,
8823d13564e7,2026-10-01T15:55:18Z,2026-10-01T16:00:19Z,1951f51bbc52,,,
1951f51bbc52,2026-10-01T16:00:17Z,2026-10-01T16:00:19Z,1951f51bbc52,,,
f0b3f06f88bd,2026-10-01T16:16:50Z,2026-10-01T16:19:26Z,d59bf3bc7b95,,lambda_7 decision rule,
d59bf3bc7b95,2026-10-01T16:19:23Z,2026-10-01T16:19:26Z,d59bf3bc7b95,,,
d288f98700d5,2026-10-01T16:19:46Z,2026-10-01T16:28:12Z,9e042f027211,,,
9e042f027211,2026-10-01T16:28:10Z,2026-10-01T16:28:12Z,9e042f027211,,,
ac5f48b26c16,2026-10-01T16:36:42Z,2026-10-01T17:59:08Z,25734b42a053,,,
0671279a5653,2026-10-01T17:36:53Z,2026-10-01T17:59:08Z,25734b42a053,,,
cd88d58e4d08,2026-10-01T17:58:11Z,2026-10-01T17:59:08Z,25734b42a053,,,
25734b42a053,2026-10-01T17:59:05Z,2026-10-01T17:59:08Z,25734b42a053,,,
7e7e45777942,2026-10-01T17:59:12Z,2026-10-01T17:59:15Z,7e7e45777942,,,
5c0a5bfa2cdf,2026-10-01T18:00:41Z,2026-10-01T18:00:43Z,5c0a5bfa2cdf,,,
fb1b90d7f1a7,2026-10-01T18:18:59Z,2026-10-01T18:32:12Z,17762888858f,,,
17762888858f,2026-10-01T18:32:10Z,2026-10-01T18:32:12Z,17762888858f,yes,,"P03 IPM stage-3 outcome: lambda_7 at z = 7.3451 +- 0.0016 (stat) on the converged grid, but the defect carries an erratic 1-3e-9 floor (Nb, s_start, round-off) -> z_7 = 7.35 +- 0.08: holdout not decisive by the registered rule; the phase on the same profiles gives z_7 = 7.3456 +- 0.003; continuity-based root tracker for deep phases (wkb_phase2)"
631602642a73,2026-10-01T18:32:26Z,2026-10-01T18:32:29Z,631602642a73,yes,,"P03 IPM: correction - phase-based z_7 = 7.341 +- 0.005 (depends on delta: 7.3456 with the n = 1-5 mean, 7.337 with delta_6)"
cb3c15a3c948,2026-10-01T18:43:19Z,2026-10-01T18:53:54Z,b2df97c02c39,,,
b2df97c02c39,2026-10-01T18:53:51Z,2026-10-01T18:53:54Z,b2df97c02c39,,,
0e09d7ec891e,2026-10-01T19:06:11Z,2026-10-01T19:28:03Z,251bf1e25d9c,yes,,"IPM: record the phase-tracker failure and repair; corrected delta_n and phase reading z7 = 7.354 +- 0.007; travel-time geometry, phase anatomy and endpoint-class analysis scripts"
53cd86fdad4c,2026-10-01T19:09:34Z,2026-10-01T19:28:03Z,251bf1e25d9c,yes,,"IPM: tracker diagnostic (original vs repaired K along the front), lambda7 variant phase script, wall_data accepts shifted/extended grids; clarification of the tracker failure record"
d1fae1565d2d,2026-10-01T19:20:00Z,2026-10-01T19:28:03Z,251bf1e25d9c,,,
251bf1e25d9c,2026-10-01T19:28:00Z,2026-10-01T19:28:03Z,251bf1e25d9c,yes,stage 4 registration,"P03 IPM stage 4 (registered before any test): lambda8-lambda10 from the repaired phase with bands and required precision; endpoint geometry resolution-checked (h_s 0.00625 at z=8.066, 8.786); class unresolved"
acaff2de8b6e,2026-10-01T19:29:12Z,2026-10-01T19:29:15Z,acaff2de8b6e,,,
a61ffa30bc39,2026-10-01T19:31:02Z,2026-10-01T19:31:05Z,a61ffa30bc39,,,
20f610beabe8,2026-10-01T19:41:58Z,2026-10-01T19:42:01Z,20f610beabe8,,,
0c912ffcb420,2026-10-01T20:08:05Z,2026-10-01T20:08:41Z,363469949033,,,
363469949033,2026-10-01T20:08:38Z,2026-10-01T20:08:41Z,363469949033,,,
41a1b8e049cc,2026-10-01T20:08:56Z,2026-10-01T20:08:58Z,41a1b8e049cc,,,
79f50d7461bd,2026-10-01T20:09:05Z,2026-10-01T20:48:01Z,d873e771e6a3,,,
f69eff6f12fe,2026-10-01T20:32:34Z,2026-10-01T20:48:01Z,d873e771e6a3,,,
d873e771e6a3,2026-10-01T20:47:53Z,2026-10-01T20:48:01Z,d873e771e6a3,,,
